<?xml version="1.0" encoding="UTF-8"?><metadata>
    <idinfo>
        <citation>
            <citeinfo>
                <title>Homeless Counts 2020 - Countywide Statistical Areas</title>
                <geoform>vector digital data</geoform>
            </citeinfo>
        </citation>
        <descript>
            <abstract>OverviewThese are the Homeless Counts for 2020 as provided by the Los Angeles Homeless Services Authority (LAHSA), and the cities of Glendale, Pasadena, and Long Beach.  The majority of this data comes from LAHSA using tract-level counts; the cities of Glendale, Pasadena, and Long Beach did not have tract-level counts available.  The purpose of this layer is to depict homeless density at a community scale.  Please read the note from LAHSA below regarding the tract level counts.  In this layer LAHSA's tract-level population count was rounded to the nearest whole number, and density was determined per square mile of each community.  It should be noted that not all of the sub-populations captured from LAHSA (eg. people living in vans, unaccompanied minors, etc.) are not captured here; only sheltered, unsheltered, and total population.  Data generated on 12/2/20.Countywide Statistical AreasLos Angeles County's 'Countywide Statistical Areas' layer was used to classify the city / community names.  Since this is tract-level data there are several times where a tract is in more than one city/community.  Whatever the majority of the coverage of a tract is, that is the community that got coded.  The boundaries of these communities follow aggregated tract boundaries and will therefore often deviate from the 'Countywide Statistical Area' boundaries.Note from LAHSALAHSA does not recommend aggregating census tract-level data to calculate numbers for other geographic levels. Due to rounding, the census tract-level data may not add up to the total for Los Angeles City Council District, Supervisorial District, Service Planning Area, or the Los Angeles Continuum of Care.The Los Angeles Continuum of Care does not include the Cities of Long Beach, Glendale, and Pasadena and will not equal the countywide Homeless Count Total.Street Count Data include persons found outside, including persons found living in cars, vans, campers/RVs, tents, and makeshift shelters. A conversion factor list can be found at https://www.lahsa.org/homeless-count/Please visit https://www.lahsa.org/homeless-count/home to view and download data.Last updated 07/16/2020</abstract>
            <purpose>Homeless counts and densities for 2020 at the community level.</purpose>
        </descript>
        <spdom>
            <bounding>
                <westbc>-118.953520</westbc>
                <eastbc>-117.644097</eastbc>
                <northbc>34.823531</northbc>
                <southbc>32.792286</southbc>
            </bounding>
        </spdom>
        <keywords>
            <theme>
                <themekt>None</themekt>
                <themekey>Homeless Counts</themekey>
                <themekey>LAHSA</themekey>
                <themekey>Glendale</themekey>
                <themekey>Pasadena</themekey>
                <themekey>Long Beach</themekey>
                <themekey>Equity Explorer</themekey>
            </theme>
        </keywords>
        <accconst>None</accconst>
        <useconst>The data herein is for informational purposes, and may not have been prepared for or be suitable for legal, engineering, or surveying intents. The County of Los Angeles reserves the right to change, restrict or discontinue access at any time. All users of the maps and data presented on https://lacounty.maps.arcgis.com or deriving from any LA County REST URLs, agree to the following Terms of Use as outlined on the County of LA Enterprise GIS (eGIS) Hub (https://egis-lacounty.hub.arcgis.com/pages/terms-of-use).</useconst>
        <datacred>Los Angeles Homeless Services Authority (LAHSA); Cities of Glendale, Pasadena &amp; Long Beach; Los Angeles County Enterprise GIS</datacred>
        <native>Esri ArcGIS 12.6.3.24783</native>
    </idinfo>
    <spdoinfo>
        <direct>Vector</direct>
        <ptvctinf>
            <sdtsterm>
                <sdtstype>GT-polygon composed of chains</sdtstype>
                <ptvctcnt>0</ptvctcnt>
            </sdtsterm>
        </ptvctinf>
    </spdoinfo>
    <eainfo>
        <detailed>
            <enttyp>
                <enttypl>TRACT10.shp</enttypl>
                <enttypd>2010 Census Census Tract County-based</enttypd>
                <enttypds>U.S. Census Bureau</enttypds>
            </enttyp>
            <attr>
                <attrlabl>OBJECTID</attrlabl>
                <attrdef>Internal feature number.</attrdef>
                <attrdefs>ESRI</attrdefs>
                <attrdomv>
                                        
                    <udom>Sequential unique whole numbers that are automatically generated.</udom>
                                    
                </attrdomv>
            </attr>
            <attr>
                <attrlabl>Shape</attrlabl>
                <attrdef>Feature geometry.</attrdef>
                <attrdefs>ESRI</attrdefs>
                <attrdomv>
                                        
                    <udom>Coordinates defining the features.</udom>
                                    
                </attrdomv>
            </attr>
            <attr>
                <attrlabl>CSA_Label</attrlabl>
            </attr>
            <attr>
                <attrlabl>SUM_totUnsheltPeople</attrlabl>
            </attr>
            <attr>
                <attrlabl>SUM_totSheltPeople</attrlabl>
            </attr>
            <attr>
                <attrlabl>SUM_totPeople</attrlabl>
            </attr>
            <attr>
                <attrlabl>Shape_Length</attrlabl>
                <attrdef>Length of feature in internal units.</attrdef>
                <attrdefs>Esri</attrdefs>
                <attrdomv>
                                        
                    <udom>Positive real numbers that are automatically generated.</udom>
                                    
                </attrdomv>
            </attr>
            <attr>
                <attrlabl>Shape_Area</attrlabl>
                <attrdef>Area of feature in internal units squared.</attrdef>
                <attrdefs>Esri</attrdefs>
                <attrdomv>
                                        
                    <udom>Positive real numbers that are automatically generated.</udom>
                                    
                </attrdomv>
            </attr>
        </detailed>
    </eainfo>
    <metainfo>
        <metd>20201202</metd>
        <metstdn>FGDC Content Standard for Digital Geospatial Metadata</metstdn>
        <metstdv>FGDC-STD-001-1998</metstdv>
        <mettc>local time</mettc>
    </metainfo>
</metadata>
